,new_confirmed_cases_average,new_confirmed_cases_value,new_confirmed_cases_cumulative,new_deaths_average,new_deaths_value,new_deaths_cumulative
2020-01-22,0,0,0,0,0,0
2020-01-23,0,0,0,0,0,0
2020-01-24,0,0,0,0,0,0
2020-01-25,0,0,0,0,0,0
2020-01-26,0,0,0,0,0,0
2020-01-27,0,0,0,0,0,0
2020-01-28,0,0,0,0,0,0
2020-01-29,0,0,0,0,0,0
2020-01-30,0,0,0,0,0,0
2020-01-31,0,0,0,0,0,0
2020-02-01,0,0,0,0,0,0
2020-02-02,0,0,0,0,0,0
2020-02-03,0,0,0,0,0,0
2020-02-04,0,0,0,0,0,0
2020-02-05,0,0,0,0,0,0
2020-02-06,0,0,0,0,0,0
2020-02-07,0,0,0,0,0,0
2020-02-08,0,0,0,0,0,0
2020-02-09,0,0,0,0,0,0
2020-02-10,0,0,0,0,0,0
2020-02-11,0,0,0,0,0,0
2020-02-12,0,0,0,0,0,0
2020-02-13,0,0,0,0,0,0
2020-02-14,0,0,0,0,0,0
2020-02-15,0,0,0,0,0,0
2020-02-16,0,0,0,0,0,0
2020-02-17,0,0,0,0,0,0
2020-02-18,0,0,0,0,0,0
2020-02-19,0,0,0,0,0,0
2020-02-20,0,0,0,0,0,0
2020-02-21,0,0,0,0,0,0
2020-02-22,0,0,0,0,0,0
2020-02-23,0,0,0,0,0,0
2020-02-24,0,0,0,0,0,0
2020-02-25,0,0,0,0,0,0
2020-02-26,0,0,0,0,0,0
2020-02-27,0,0,0,0,0,0
2020-02-28,0,0,0,0,0,0
2020-02-29,0,0,0,0,0,0
2020-03-01,0,0,0,0,0,0
2020-03-02,0,0,0,0,0,0
2020-03-03,0,0,0,0,0,0
2020-03-04,0,0,0,0,0,0
2020-03-05,0,0,0,0,0,0
2020-03-06,0.2857142857142857,2,2,0,0,0
2020-03-07,0.2857142857142857,0,2,0,0,0
2020-03-08,0.8571428571428571,4,6,0,0,0
2020-03-09,1,1,7,0,0,0
2020-03-10,1.7142857142857142,5,12,0,0,0
2020-03-11,2.2857142857142856,4,16,0,0,0
2020-03-12,3.142857142857143,6,22,0,0,0
2020-03-13,5.571428571428571,19,41,0,0,0
2020-03-14,6.428571428571429,6,47,0,0,0
2020-03-15,5.857142857142857,0,47,0,0,0
2020-03-16,10.285714285714286,32,79,0,0,0
2020-03-17,14.285714285714286,33,112,0,0,0
2020-03-18,19.857142857142858,43,155,0.14285714285714285,1,1
2020-03-19,26.285714285714285,51,206,0.14285714285714285,0,1
2020-03-20,38.57142857142857,105,311,0.14285714285714285,0,1
2020-03-21,50.285714285714285,88,399,0.2857142857142857,1,2
2020-03-22,66,110,509,0.5714285714285714,2,4
2020-03-23,88.42857142857143,189,698,0.8571428571428571,2,6
2020-03-24,119.14285714285714,248,946,1.1428571428571428,2,8
2020-03-25,157.85714285714286,314,1260,2,7,15
2020-03-26,227,535,1795,2.4285714285714284,3,18
2020-03-27,290.57142857142856,550,2345,3,4,22
2020-03-28,349.42857142857144,500,2845,4.571428571428571,12,34
2020-03-29,417.57142857142856,587,3432,5.285714285714286,7,41
2020-03-30,493.85714285714283,723,4155,6.285714285714286,9,50
2020-03-31,573.8571428571429,808,4963,7.857142857142857,13,63
2020-04-01,678.4285714285714,1046,6009,8.428571428571429,11,74
2020-04-02,781.8571428571429,1259,7268,10.285714285714286,16,90
2020-04-03,889.2857142857143,1302,8570,11.428571428571429,12,102
2020-04-04,1085.5714285714287,1874,10444,14.571428571428571,34,136
2020-04-05,1165.2857142857142,1145,11589,15.714285714285714,15,151
2020-04-06,1281.7142857142858,1538,13127,18.428571428571427,28,179
2020-04-07,1412.857142857143,1726,14853,26.285714285714285,68,247
2020-04-08,1517.4285714285713,1778,16631,34.857142857142854,71,318
2020-04-09,1576,1669,18300,36.42857142857143,27,345
2020-04-10,1640.142857142857,1751,20051,45.142857142857146,73,418
2020-04-11,1610.7142857142858,1668,21719,52.42857142857143,85,503
2020-04-12,1621.2857142857142,1219,22938,58,54,557
2020-04-13,1595,1354,24292,58.57142857142857,32,589
2020-04-14,1516,1173,25465,63.42857142857143,102,691
2020-04-15,1446,1288,26753,65.85714285714286,88,779
2020-04-16,1422.5714285714287,1505,28258,70.85714285714286,62,841
2020-04-17,1405.2857142857142,1630,29888,71.85714285714286,80,921
2020-04-18,1419,1764,31652,77,121,1042
2020-04-19,1423.4285714285713,1250,32902,102.71428571428571,234,1276
2020-04-20,1374.5714285714287,1012,33914,108.42857142857143,72,1348
2020-04-21,1397.7142857142858,1335,35249,131.85714285714286,266,1614
2020-04-22,1332.7142857142858,833,36082,127.71428571428571,59,1673
2020-04-23,1445.857142857143,2297,38379,126.14285714285714,51,1724
2020-04-24,1474.2857142857142,1829,40208,118,23,1747
2020-04-25,1357.2857142857142,945,41153,107.28571428571429,46,1793
2020-04-26,1387.7142857142858,1463,42616,77.14285714285714,23,1816
2020-04-27,1377.7142857142858,942,43558,76.85714285714286,70,1886
2020-04-28,1412.5714285714287,1579,45137,61.714285714285715,160,2046
2020-04-29,1463.5714285714287,1190,46327,100,327,2373
2020-04-30,1370.2857142857142,1644,47971,107.28571428571429,102,2475
2020-05-01,1338.7142857142858,1608,49579,126.85714285714286,160,2635
2020-05-02,1334.4285714285713,915,50494,128.85714285714286,60,2695
2020-05-03,1229.857142857143,731,51225,129.14285714285714,25,2720
2020-05-04,1322.5714285714287,1591,52816,136,118,2838
2020-05-05,1246.7142857142858,1048,53864,161.85714285714286,341,3179
2020-05-06,1210.4285714285713,936,54800,138.85714285714286,166,3345
2020-05-07,1140.7142857142858,1156,55956,159.14285714285714,244,3589
2020-05-08,1113.142857142857,1415,57371,154.28571428571428,126,3715
2020-05-09,1152.2857142857142,1189,58560,154.85714285714286,64,3779
2020-05-10,1244.857142857143,1379,59939,155.14285714285714,27,3806
2020-05-11,1091.857142857143,520,60459,142,26,3832
2020-05-12,1063.7142857142858,851,61310,105,82,3914
2020-05-13,1043,791,62101,107,180,4094
2020-05-14,1021.2857142857143,1004,63105,99.85714285714286,194,4288
2020-05-15,966.4285714285714,1031,64136,101,134,4422
2020-05-16,946.4285714285714,1049,65185,100.14285714285714,58,4480
2020-05-17,823,515,65700,98.42857142857143,15,4495
2020-05-18,887.1428571428571,969,66669,97.57142857142857,20,4515
2020-05-19,857.2857142857143,642,67311,102,113,4628
2020-05-20,860.7142857142857,815,68126,96.57142857142857,142,4770
2020-05-21,878.1428571428571,1126,69252,83,99,4869
2020-05-22,867.8571428571429,959,70211,84,141,5010
2020-05-23,832,798,71009,90.28571428571429,102,5112
2020-05-24,837.5714285714286,554,71563,91.57142857142857,24,5136
2020-05-25,750.8571428571429,362,71925,90.14285714285714,10,5146
2020-05-26,781,853,72778,76.42857142857143,17,5163
2020-05-27,775.8571428571429,779,73557,70.71428571428571,102,5265
2020-05-28,709.7142857142857,663,74220,72,108,5373
2020-05-29,681.8571428571429,764,74984,64.85714285714286,91,5464
2020-05-30,669.7142857142857,713,75697,60.714285714285715,73,5537
2020-05-31,652.2857142857143,432,76129,59.857142857142854,18,5555
2020-06-01,674.4285714285714,517,76646,60.142857142857146,12,5567
2020-06-02,635.2857142857143,579,77225,72,100,5667
2020-06-03,603.2857142857143,555,77780,68.14285714285714,75,5742
2020-06-04,587.8571428571429,555,78335,65.57142857142857,90,5832
2020-06-05,547.2857142857143,480,78815,62,66,5898
2020-06-06,544,690,79505,56.285714285714285,33,5931
2020-06-07,539.8571428571429,403,79908,55.42857142857143,12,5943
2020-06-08,527.5714285714286,431,80339,55.142857142857146,10,5953
2020-06-09,520.7142857142857,531,80870,49.57142857142857,61,6014
2020-06-10,505.14285714285717,446,81316,45.714285714285715,48,6062
2020-06-11,501.85714285714283,532,81848,40.142857142857146,51,6113
2020-06-12,523.7142857142857,633,82481,37.714285714285715,49,6162
2020-06-13,491.2857142857143,463,82944,40,49,6211
2020-06-14,470.7142857142857,259,83203,38.857142857142854,4,6215
2020-06-15,464.2857142857143,386,83589,41.42857142857143,28,6243
2020-06-16,444,389,83978,37.42857142857143,33,6276
2020-06-17,424.7142857142857,311,84289,36.714285714285715,43,6319
2020-06-18,405,394,84683,35.42857142857143,42,6361
2020-06-19,388.2857142857143,516,85199,33.857142857142854,38,6399
2020-06-20,378,391,85590,29.714285714285715,20,6419
2020-06-21,390.2857142857143,345,85935,29.714285714285715,4,6423
2020-06-22,426.7142857142857,641,86576,26.142857142857142,3,6426
2020-06-23,461.42857142857144,632,87208,26.857142857142858,38,6464
2020-06-24,485.14285714285717,477,87685,28.428571428571427,54,6518
2020-06-25,494,456,88141,28,39,6557
2020-06-26,523,719,88860,25.714285714285715,22,6579
2020-06-27,550.8571428571429,586,89446,26.285714285714285,24,6603
2020-06-28,561.1428571428571,417,89863,26.142857142857142,3,6606
2020-06-29,555.8571428571429,604,90467,26.857142857142858,8,6614
2020-06-30,561.5714285714286,672,91139,26.428571428571427,35,6649
2020-07-01,584.2857142857143,636,91775,23.714285714285715,35,6684
2020-07-02,638.7142857142857,837,92612,22.142857142857142,28,6712
2020-07-03,647.4285714285714,780,93392,23.857142857142858,34,6746
2020-07-04,639.4285714285714,530,93922,20.857142857142858,3,6749
2020-07-05,648.5714285714286,481,94403,21,4,6753
2020-07-06,661.8571428571429,697,95100,20,1,6754
2020-07-07,679.8571428571429,798,95898,19.714285714285715,33,6787
2020-07-08,707.1428571428571,827,96725,18.285714285714285,25,6812
2020-07-09,704.2857142857143,817,97542,19.428571428571427,36,6848
2020-07-10,727.1428571428571,940,98482,19.142857142857142,32,6880
2020-07-11,756.2857142857143,734,99216,21.142857142857142,17,6897
2020-07-12,770.1428571428571,578,99794,21.571428571428573,7,6904
2020-07-13,747.1428571428571,536,100330,22.428571428571427,7,6911
2020-07-14,766.8571428571429,936,101266,20.571428571428573,20,6931
2020-07-15,792,1003,102269,20.714285714285715,26,6957
2020-07-16,790.4285714285714,806,103075,19.428571428571427,27,6984
2020-07-17,799.5714285714286,1004,104079,17.714285714285715,20,7004
2020-07-18,794.8571428571429,701,104780,16.857142857142858,11,7015
2020-07-19,798.5714285714286,604,105384,16.857142857142858,7,7022
2020-07-20,867.8571428571429,1021,106405,16.285714285714285,3,7025
2020-07-21,884.8571428571429,1055,107460,17.142857142857142,26,7051
2020-07-22,850.5714285714286,763,108223,17.142857142857142,26,7077
2020-07-23,861.4285714285714,882,109105,15.571428571428571,16,7093
2020-07-24,887.5714285714286,1187,110292,16,23,7116
2020-07-25,905,823,111115,15.571428571428571,8,7124
2020-07-26,908.7142857142857,630,111745,15,3,7127
2020-07-27,941.4285714285714,1250,112995,15.142857142857142,4,7131
2020-07-28,946.1428571428571,1088,114083,14.714285714285714,23,7154
2020-07-29,959.4285714285714,856,114939,13.428571428571429,17,7171
2020-07-30,957.4285714285714,868,115807,14.428571428571429,23,7194
2020-07-31,927.8571428571429,980,116787,13,13,7207
2020-08-01,907.5714285714286,681,117468,13.571428571428571,12,7219
2020-08-02,898.2857142857143,565,118033,13.714285714285714,4,7223
2020-08-03,842.7142857142857,861,118894,13.285714285714286,1,7224
2020-08-04,805.8571428571429,830,119724,13.428571428571429,24,7248
2020-08-05,786.7142857142857,722,120446,11.857142857142858,6,7254
2020-08-06,777.1428571428571,801,121247,12.571428571428571,28,7282
2020-08-07,748.7142857142857,781,122028,12.714285714285714,14,7296
2020-08-08,742.4285714285714,637,122665,13,14,7310
2020-08-09,754.1428571428571,647,123312,12.571428571428571,1,7311
2020-08-10,761,909,124221,12.857142857142858,3,7314
2020-08-11,756,795,125016,13.571428571428571,29,7343
2020-08-12,781.7142857142857,902,125918,18,37,7380
2020-08-13,808.2857142857143,987,126905,16.142857142857142,15,7395
2020-08-14,814.8571428571429,827,127732,19.714285714285715,39,7434
2020-08-15,838,799,128531,20.142857142857142,17,7451
2020-08-16,822.5714285714286,539,129070,20.285714285714285,2,7453
2020-08-17,775.1428571428571,577,129647,19.857142857142858,0,7453
2020-08-18,747.2857142857143,600,130247,18.714285714285715,21,7474
2020-08-19,712.4285714285714,658,130905,18.285714285714285,34,7508
2020-08-20,683.8571428571429,787,131692,17.857142857142858,12,7520
2020-08-21,669.2857142857143,725,132417,14.714285714285714,17,7537
2020-08-22,661.2857142857143,743,133160,14.857142857142858,18,7555
2020-08-23,658.4285714285714,519,133679,14.857142857142858,2,7557
2020-08-24,651,525,134204,14.857142857142858,0,7557
2020-08-25,644.7142857142857,556,134760,15.428571428571429,25,7582
2020-08-26,624.8571428571429,519,135279,15,31,7613
2020-08-27,602.8571428571429,633,135912,14.571428571428571,9,7622
2020-08-28,623.4285714285714,869,136781,15,20,7642
2020-08-29,630.8571428571429,795,137576,14.428571428571429,14,7656
2020-08-30,636.4285714285714,558,138134,14.428571428571429,2,7658
2020-08-31,655.8571428571429,661,138795,14.571428571428571,1,7659
2020-09-01,684,753,139548,13.714285714285714,19,7678
2020-09-02,750.4285714285714,984,140532,13.142857142857142,27,7705
2020-09-03,808.2857142857143,1038,141570,14.571428571428571,19,7724
2020-09-04,816.2857142857143,925,142495,13.285714285714286,11,7735
2020-09-05,814.8571428571429,785,143280,13.428571428571429,15,7750
2020-09-06,812.8571428571429,544,143824,13.142857142857142,0,7750
2020-09-07,820.7142857142857,716,144540,16,21,7771
2020-09-08,801.1428571428571,616,145156,14.571428571428571,9,7780
2020-09-09,785.2857142857143,873,146029,12.714285714285714,14,7794
2020-09-10,732.2857142857143,667,146696,11.857142857142858,13,7807
2020-09-11,744,1007,147703,13.428571428571429,22,7829
2020-09-12,765,932,148635,11.285714285714286,0,7829
2020-09-13,765.7142857142857,549,149184,11.285714285714286,0,7829
2020-09-14,780,816,150000,12,26,7855
2020-09-15,841.1428571428571,1044,151044,11.428571428571429,5,7860
2020-09-16,831.5714285714286,806,151850,12.571428571428571,22,7882
2020-09-17,868.4285714285714,925,152775,12.285714285714286,11,7893
2020-09-18,831.2857142857143,747,153522,13.142857142857142,28,7921
2020-09-19,800.1428571428571,714,154236,15.857142857142858,19,7940
2020-09-20,811.8571428571429,631,154867,18.714285714285715,20,7960
2020-09-21,813.2857142857143,826,155693,18.571428571428573,25,7985
2020-09-22,776.1428571428571,784,156477,20.285714285714285,17,8002
2020-09-23,783.7142857142857,859,157336,22.285714285714285,36,8038
2020-09-24,772.2857142857143,845,158181,23,16,8054
2020-09-25,784.5714285714286,833,159014,20.571428571428573,11,8065
2020-09-26,813.8571428571429,919,159933,20.428571428571427,18,8083
2020-09-27,839.5714285714286,811,160744,18,3,8086
2020-09-28,843,850,161594,14.714285714285714,2,8088
2020-09-29,957.5714285714286,1586,163180,14.142857142857142,13,8101
2020-09-30,966.1428571428571,919,164099,13.142857142857142,29,8130
2020-10-01,980.4285714285714,945,165044,12.857142857142858,14,8144
2020-10-02,1032,1194,166238,13.857142857142858,18,8162
2020-10-03,900.7142857142857,0,166238,13.857142857142858,18,8180
2020-10-04,1054.5714285714287,1888,168126,15.571428571428571,15,8195
2020-10-05,1072.4285714285713,975,169101,17,12,8207
2020-10-06,1006.2857142857143,1123,170224,17.428571428571427,16,8223
2020-10-07,1061.142857142857,1303,171527,16.714285714285715,24,8247
2020-10-08,1129.142857142857,1421,172948,17.714285714285715,21,8268
2020-10-09,1155.857142857143,1381,174329,18.571428571428573,24,8292
2020-10-10,1365.5714285714287,1468,175797,20.571428571428573,32,8324
2020-10-11,1236.4285714285713,984,176781,19.285714285714285,6,8330
2020-10-12,1245.4285714285713,1038,177819,20,17,8347
2020-10-13,1346.7142857142858,1832,179651,19.714285714285715,14,8361
2020-10-14,1344,1284,180935,20.571428571428573,30,8391
2020-10-15,1362.5714285714287,1551,182486,20.714285714285715,22,8413
2020-10-16,1405.142857142857,1679,184165,20.285714285714285,21,8434
2020-10-17,1410.142857142857,1503,185668,16.857142857142858,8,8442
2020-10-18,1424.7142857142858,1086,186754,19.285714285714285,23,8465
2020-10-19,1508.857142857143,1627,188381,18.285714285714285,10,8475
2020-10-20,1474.142857142857,1589,189970,22.142857142857142,41,8516
2020-10-21,1485.4285714285713,1363,191333,22.142857142857142,30,8546
2020-10-22,1559.2857142857142,2068,193401,23,28,8574
2020-10-23,1641.4285714285713,2254,195655,24.857142857142858,34,8608
2020-10-24,1671.7142857142858,1715,197370,27.714285714285715,28,8636
2020-10-25,1708.4285714285713,1343,198713,26,11,8647
2020-10-26,1838.142857142857,2535,201248,26.285714285714285,12,8659
2020-10-27,1935.7142857142858,2272,203520,23.857142857142858,24,8683
2020-10-28,2074.1428571428573,2332,205852,23,24,8707
2020-10-29,2098,2235,208087,24.142857142857142,36,8743
2020-10-30,2133,2499,210586,23.714285714285715,31,8774
2020-10-31,2203,2205,212791,23.428571428571427,26,8800
2020-11-01,2243.285714285714,1625,214416,22.285714285714285,3,8803
2020-11-02,2285,2827,217243,21.857142857142858,9,8812
2020-11-03,2364.8571428571427,2831,220074,22.714285714285715,30,8842
2020-11-04,2433,2809,222883,24.428571428571427,36,8878
2020-11-05,2515.8571428571427,2815,225698,25.714285714285715,45,8923
2020-11-06,2680,3648,229346,27.142857142857142,41,8964
2020-11-07,2814.5714285714284,3147,232493,28.714285714285715,37,9001
2020-11-08,2942.5714285714284,2521,235014,28.857142857142858,4,9005
2020-11-09,3211.5714285714284,4710,239724,28,3,9008
2020-11-10,3424.5714285714284,4322,244046,33.857142857142854,71,9079
2020-11-11,3590.285714285714,3969,248015,36.857142857142854,57,9136
2020-11-12,4065.285714285714,6140,254155,37,46,9182
2020-11-13,4377.428571428572,5833,259988,35.142857142857146,28,9210
2020-11-14,4532.714285714285,4234,264222,35.857142857142854,42,9252
2020-11-15,4811.714285714285,4474,268696,40.714285714285715,38,9290
2020-11-16,5073,6539,275235,43.142857142857146,20,9310
2020-11-17,5273,5722,280957,38.142857142857146,36,9346
2020-11-18,5630,6468,287425,46.714285714285715,117,9463
2020-11-19,5734.142857142857,6869,294294,55.285714285714285,106,9569
2020-11-20,5902.285714285715,7010,301304,66.57142857142857,107,9676
2020-11-21,6109.428571428572,5684,306988,74.71428571428571,99,9775
2020-11-22,6380.285714285715,6370,313358,75.14285714285714,41,9816
2020-11-23,6417.571428571428,6800,320158,76.57142857142857,30,9846
2020-11-24,6508,6355,326513,82.57142857142857,78,9924
2020-11-25,6577.142857142857,6952,333465,86.71428571428571,146,10070
2020-11-26,6621.142857142857,7177,340642,86.14285714285714,102,10172
2020-11-27,6847.714285714285,8596,349238,74.14285714285714,23,10195
2020-11-28,6993.857142857143,6707,355945,65.57142857142857,39,10234
2020-11-29,6798,4999,360944,68.71428571428571,63,10297
2020-11-30,6668.142857142857,5891,366835,69.85714285714286,38,10335
2020-12-01,6573.857142857143,5695,372530,82.85714285714286,169,10504
2020-12-02,6783.714285714285,8421,380951,86.57142857142857,172,10676
2020-12-03,7398.857142857143,11483,392434,99.85714285714286,195,10871
2020-12-04,7897.571428571428,12087,404521,122.42857142857143,181,11052
2020-12-05,8527.142857142857,11114,415635,136.71428571428572,139,11191
2020-12-06,8879.42857142857,7465,423100,136.85714285714286,64,11255
2020-12-07,9338.857142857143,9107,432207,140.57142857142858,64,11319
2020-12-08,9968.714285714286,10104,442311,145.28571428571428,202,11521
2020-12-09,9996.142857142857,8613,450924,150,205,11726
2020-12-10,10074.285714285714,12030,462954,155.71428571428572,235,11961
2020-12-11,10246.857142857143,13295,476249,161.57142857142858,222,12183
2020-12-12,9956.42857142857,9081,485330,168.57142857142858,188,12371
2020-12-13,10285.57142857143,9769,495099,176.42857142857142,119,12490
2020-12-14,10423.857142857143,10075,505174,176.14285714285714,62,12552
2020-12-15,10348.285714285714,9575,514749,182.14285714285714,244,12796
2020-12-16,10573.714285714286,10191,524940,197.57142857142858,313,13109
2020-12-17,10284.857142857143,10008,534948,195.42857142857142,220,13329
2020-12-18,9695.285714285714,9168,544116,195.14285714285714,220,13549
2020-12-19,9652.142857142857,8779,552895,197.57142857142858,205,13754
2020-12-20,9165.285714285714,6361,559256,192,80,13834
2020-12-21,9132.142857142857,9843,569099,191.14285714285714,56,13890
2020-12-22,8862.57142857143,7688,576787,200.14285714285714,307,14197
2020-12-23,8790.57142857143,9687,586474,190.14285714285714,243,14440
2020-12-24,8694.285714285714,9334,595808,196.85714285714286,267,14707
2020-12-25,8260.57142857143,6132,601940,184,130,14837
2020-12-26,7981.714285714285,6827,608767,157.71428571428572,21,14858
2020-12-27,7716.571428571428,4505,613272,162.14285714285714,111,14969
2020-12-28,7114.714285714285,5630,618902,166.42857142857142,86,15055
2020-12-29,7248.428571428572,8624,627526,163.71428571428572,288,15343
2020-12-30,7083.857142857143,8535,636061,175,322,15665
2020-12-31,7083.142857142857,9329,645390,177.14285714285714,282,15947
2021-01-01,7164.428571428572,6701,652091,188.28571428571428,208,16155
2021-01-02,7401.857142857143,8489,660580,188.71428571428572,24,16179
2021-01-03,7377.285714285715,4333,664913,180.14285714285714,51,16230
2021-01-04,7305.285714285715,5126,670039,182.85714285714286,105,16335
2021-01-05,7353.142857142857,8959,678998,170.42857142857142,201,16536
2021-01-06,7476.714285714285,9400,688398,178.57142857142858,379,16915
2021-01-07,7516.428571428572,9607,698005,175.14285714285714,258,17173
2021-01-08,8018.571428571428,10216,708221,174.42857142857142,203,17376
2021-01-09,8099.571428571428,9056,717277,206.71428571428572,250,17626
2021-01-10,8421.714285714286,6588,723865,212.42857142857142,91,17717
2021-01-11,8676.285714285714,6908,730773,209.57142857142858,85,17802
2021-01-12,8428,7221,737994,215.57142857142858,243,18045
2021-01-13,8229.142857142857,8008,746002,213.85714285714286,367,18412
2021-01-14,7879.857142857143,7162,753164,219.57142857142858,298,18710
2021-01-15,7288.857142857143,6079,759243,222.71428571428572,225,18935
2021-01-16,6887.428571428572,6246,765489,216.71428571428572,208,19143
2021-01-17,6731.428571428572,5496,770985,219.71428571428572,112,19255
2021-01-18,6256.142857142857,3581,774566,218.28571428571428,75,19330
2021-01-19,6279,7381,781947,196.85714285714286,93,19423
2021-01-20,5940.285714285715,5637,787584,199.85714285714286,388,19811
2021-01-21,5710.571428571428,5554,793138,193.28571428571428,252,20063
2021-01-22,5599.285714285715,5300,798438,190.57142857142858,206,20269
2021-01-23,5442.285714285715,5147,803585,187.28571428571428,185,20454
2021-01-24,5159.571428571428,3517,807102,182.42857142857142,78,20532
2021-01-25,5361.714285714285,4996,812098,180.42857142857142,61,20593
2021-01-26,4973.428571428572,4663,816761,199.28571428571428,225,20818
2021-01-27,4999.714285714285,5821,822582,174.42857142857142,214,21032
2021-01-28,5070.571428571428,6050,828632,171.57142857142858,232,21264
2021-01-29,5654,9384,838016,166.85714285714286,173,21437
2021-01-30,5555.714285714285,4459,842475,158.28571428571428,125,21562
2021-01-31,5563.428571428572,3571,846046,155,55,21617
2021-02-01,5409.714285714285,3920,849966,151.14285714285714,34,21651
2021-02-02,5348,4231,854197,136.71428571428572,124,21775
2021-02-03,4964.285714285715,3135,857332,126.71428571428571,144,21919
2021-02-04,4584.142857142857,3389,860721,112,129,22048
2021-02-05,3918.8571428571427,4727,865448,110.14285714285714,160,22208
2021-02-06,3821,3774,869222,113,145,22353
2021-02-07,3871.4285714285716,3924,873146,114.14285714285714,63,22416
2021-02-08,3742.714285714286,3019,876165,113.14285714285714,27,22443
2021-02-09,3805.8571428571427,4673,880838,116.42857142857143,147,22590
2021-02-10,3799.4285714285716,3090,883928,115.28571428571429,136,22726
2021-02-11,3877.4285714285716,3935,887863,112.42857142857143,109,22835
2021-02-12,3669.5714285714284,3272,891135,105.71428571428571,113,22948
2021-02-13,3634,3525,894660,98.57142857142857,95,23043
2021-02-14,3407.1428571428573,2336,896996,92.71428571428571,22,23065
2021-02-15,3212.714285714286,1658,898654,91.85714285714286,21,23086
2021-02-16,3005.4285714285716,3222,901876,72.85714285714286,14,23100
2021-02-17,3063.1428571428573,3494,905370,79.71428571428571,184,23284
2021-02-18,2967.714285714286,3267,908637,78,97,23381
2021-02-19,2898,2784,911421,74,85,23466
2021-02-20,2750.285714285714,2491,913912,71,74,23540
2021-02-21,2663.285714285714,1727,915639,71.42857142857143,25,23565
2021-02-22,2701.5714285714284,1926,917565,70.57142857142857,15,23580
2021-02-23,2644.1428571428573,2820,920385,82.42857142857143,97,23677
2021-02-24,2543.4285714285716,2789,923174,67.85714285714286,82,23759
2021-02-25,2418,2389,925563,65.57142857142857,81,23840
2021-02-26,2458.8571428571427,3070,928633,61.285714285714285,55,23895
2021-02-27,2517,2898,931531,50.714285714285715,0,23895
2021-02-28,2517.4285714285716,1730,933261,57.42857142857143,72,23967
2021-03-01,2608.1428571428573,2561,935822,57.714285714285715,17,23984
2021-03-02,2558.714285714286,2474,938296,55,78,24062
2021-03-03,2535.5714285714284,2627,940923,53.57142857142857,72,24134
2021-03-04,2624.285714285714,3010,943933,52.57142857142857,74,24208
2021-03-05,2585.8571428571427,2801,946734,51.42857142857143,47,24255
2021-03-06,2513.714285714286,2393,949127,58.714285714285715,51,24306
2021-03-07,2501.714285714286,1646,950773,52.42857142857143,28,24334
2021-03-08,2428,2045,952818,51.42857142857143,10,24344
2021-03-09,2492.4285714285716,2925,955743,46.57142857142857,44,24388
2021-03-10,2489.4285714285716,2606,958349,41.857142857142854,39,24427
2021-03-11,2451.285714285714,2743,961092,38,47,24474
2021-03-12,2487.5714285714284,3055,964147,36.42857142857143,36,24510
2021-03-13,2487.285714285714,2391,966538,29.142857142857142,0,24510
2021-03-14,2498,1721,968259,25.142857142857142,0,24510
2021-03-15,2494.714285714286,2022,970281,31.714285714285715,56,24566
2021-03-16,2518.1428571428573,3089,973370,38.857142857142854,94,24660
2021-03-17,2584.714285714286,3072,976442,38.714285714285715,38,24698
2021-03-18,2649.4285714285716,3196,979638,35.42857142857143,24,24722
2021-03-19,2708.8571428571427,3471,983109,35.42857142857143,36,24758
2021-03-20,2882,3603,986712,39,25,24783
2021-03-21,2913.8571428571427,1944,988656,40.857142857142854,13,24796
2021-03-22,2972.5714285714284,2433,991089,29.714285714285715,-22,24774
2021-03-23,3046.285714285714,3605,994694,22.428571428571427,43,24817
2021-03-24,3267,4617,999311,22.714285714285715,40,24857
2021-03-25,3324.4285714285716,3598,1002909,25.142857142857142,41,24898
2021-03-26,3540.4285714285716,4983,1007892,24.857142857142858,34,24932
2021-03-27,3825.1428571428573,5596,1013488,25.285714285714285,28,24960
2021-03-28,3582.1428571428573,243,1013731,25,11,24971
2021-03-29,3827.4285714285716,4150,1017881,31,20,24991
2021-03-30,4042.5714285714284,5111,1022992,30.285714285714285,38,25029
2021-03-31,4052.4285714285716,4686,1027678,31,45,25074
2021-04-01,4090.4285714285716,3864,1031542,30.428571428571427,37,25111
2021-04-02,3952.4285714285716,4017,1035559,29,24,25135
2021-04-03,3886.285714285714,5133,1040692,29.428571428571427,31,25166
2021-04-04,4256.142857142857,2832,1043524,28.857142857142858,7,25173
2021-04-05,4263.857142857143,4204,1047728,27,7,25180
2021-04-06,4208.285714285715,4722,1052450,26.857142857142858,37,25217
2021-04-07,4206.857142857143,4676,1057126,27.857142857142858,52,25269
2021-04-08,4289.142857142857,4440,1061566,28.714285714285715,43,25312
2021-04-09,4449.714285714285,5141,1066707,31.857142857142858,46,25358
2021-04-10,4291.142857142857,4023,1070730,32,32,25390
2021-04-11,4342.857142857143,3194,1073924,31.428571428571427,3,25393
2021-04-12,4315.428571428572,4012,1077936,31,4,25397
2021-04-13,4500.428571428572,6017,1083953,33.42857142857143,54,25451
2021-04-14,4728.857142857143,6275,1090228,33.285714285714285,51,25502
2021-04-15,4822.142857142857,5093,1095321,33.42857142857143,44,25546
2021-04-16,4878.571428571428,5536,1100857,36.42857142857143,67,25613
2021-04-17,4904.428571428572,4204,1105061,36.285714285714285,31,25644
2021-04-18,4821.285714285715,2612,1107673,38.857142857142854,21,25665
2021-04-19,4677,3002,1110675,39.42857142857143,8,25673
2021-04-20,4584.428571428572,5369,1116044,42.57142857142857,76,25749
2021-04-21,4336.142857142857,4537,1120581,45.285714285714285,70,25819
2021-04-22,4191.142857142857,4078,1124659,46.142857142857146,50,25869
2021-04-23,3975.8571428571427,4029,1128688,44.857142857142854,58,25927
2021-04-24,3883.8571428571427,3560,1132248,45.57142857142857,36,25963
2021-04-25,3867,2494,1134742,43.142857142857146,4,25967
2021-04-26,3846.714285714286,2860,1137602,43.285714285714285,9,25976
2021-04-27,3599.4285714285716,3638,1141240,42.714285714285715,72,26048
2021-04-28,3456.5714285714284,3537,1144777,41.857142857142854,64,26112
